{"cameraMode":{"drawMode":2,"name":"Shaded Wireframe","section":"Shading Mode"},"sceneLighting":true,"audioPlay":false,"sceneViewState":{"showFog":true,"showMaterialUpdate":false,"showSkybox":true,"showFlares":true,"showImageEffects":true,"showParticleSystems":true},"in2DMode":false,"pivot":{"x":-6.2413530349731449,"y":-4.162238121032715,"z":2.417766571044922},"rotation":{"x":-0.2117943912744522,"y":0.3984798491001129,"z":-0.09511499106884003,"w":-0.8873050212860107},"size":22.464380264282228,"orthographic":false}